{
  "model": "SGDClassifier(loss='log_loss')",
  "target": "high_tip (tip_rate >= 20%)",
  "sample_rows": 250000,
  "train_rows": 200000,
  "test_rows": 50000,
  "positive_rate": 0.42754,
  "accuracy": 0.56134,
  "f1": 0.6046184630360716,
  "roc_auc": 0.6394151957503673,
  "confusion_matrix": [
    [
      11297,
      17326
    ],
    [
      4607,
      16770
    ]
  ],
  "classification_report": {
    "0": {
      "precision": 0.7103244466800804,
      "recall": 0.39468259791077104,
      "f1-score": 0.5074224627753947,
      "support": 28623.0
    },
    "1": {
      "precision": 0.49184655091506335,
      "recall": 0.784488001122702,
      "f1-score": 0.6046184630360716,
      "support": 21377.0
    },
    "accuracy": 0.56134,
    "macro avg": {
      "precision": 0.6010854987975719,
      "recall": 0.5895852995167365,
      "f1-score": 0.5560204629057331,
      "support": 50000.0
    },
    "weighted avg": {
      "precision": 0.616916407124705,
      "recall": 0.56134,
      "f1-score": 0.5489776407268445,
      "support": 50000.0
    }
  },
  "features": [
    "trip_distance",
    "fare_amount",
    "trip_duration_min",
    "pickup_hour",
    "day_of_week",
    "PULocationID",
    "DOLocationID"
  ],
  "excluded_leakage_features": [
    "tip_amount",
    "tip_rate",
    "total_amount",
    "base_amount"
  ]
}