,trip_distance,fare_amount,base_amount,tip_amount,tip_rate,trip_duration_min,pickup_hour
trip_distance,1.0,0.627898583240336,0.6253727649650652,0.41880625981605885,-0.10979670031234327,0.5439198632684987,-0.01874772115273648
fare_amount,0.627898583240336,1.0,0.988061399075642,0.6953927688402216,-0.1292835663455792,0.7805322267267519,-0.015666965573052256
base_amount,0.6253727649650652,0.988061399075642,1.0,0.7331069200707462,-0.09372030265032362,0.752833172846241,0.007941023953516079
tip_amount,0.41880625981605885,0.6953927688402216,0.7331069200707462,1.0,0.47894728709596657,0.43336247513280884,0.0476020998214244
tip_rate,-0.10979670031234327,-0.1292835663455792,-0.09372030265032362,0.47894728709596657,1.0,-0.24093721130222528,0.05887790189591567
trip_duration_min,0.5439198632684987,0.7805322267267519,0.752833172846241,0.43336247513280884,-0.24093721130222528,1.0,-0.02539292282152725
pickup_hour,-0.01874772115273648,-0.015666965573052256,0.007941023953516079,0.0476020998214244,0.05887790189591567,-0.02539292282152725,1.0
